Symbol,Date,50 vs 20 EMA Cross
ILBS,2024-08-08,ILBS - 2024-08-08 00:00:00 - Bull Close: 1148.9
PPL,2024-07-22,PPL - 2024-07-22 00:00:00 - Bear Close: 523.9
JOSHI,2024-07-22,JOSHI - 2024-07-22 00:00:00 - Bear Close: 324.0
SNLI,2024-07-21,SNLI - 2024-07-21 00:00:00 - Bear Close: 543.1
HDL,2024-07-21,HDL - 2024-07-21 00:00:00 - Bear Close: 1519.0
SJLIC,2024-07-21,SJLIC - 2024-07-21 00:00:00 - Bear Close: 462.6
HRL,2024-07-18,HRL - 2024-07-18 00:00:00 - Bear Close: 610.0
RBCL,2024-07-17,RBCL - 2024-07-17 00:00:00 - Bear Close: 14160.0
HLI,2024-07-17,HLI - 2024-07-17 00:00:00 - Bear Close: 415.9
SHEL,2024-07-17,SHEL - 2024-07-17 00:00:00 - Bear Close: 207.4
SARBTM,2024-07-17,SARBTM - 2024-07-17 00:00:00 - Bear Close: 864.0
AKJCL,2024-07-17,AKJCL - 2024-07-17 00:00:00 - Bull Close: 179.0
AHPC,2024-07-17,AHPC - 2024-07-17 00:00:00 - Bear Close: 203.0
SHIVM,2024-07-17,SHIVM - 2024-07-17 00:00:00 - Bear Close: 535.9
BNT,2024-07-17,BNT - 2024-07-17 00:00:00 - Bear Close: 13900.0
NRIC,2024-07-17,NRIC - 2024-07-17 00:00:00 - Bear Close: 718.9
SAHAS,2024-07-16,SAHAS - 2024-07-16 00:00:00 - Bear Close: 538.8
UPCL,2024-07-16,UPCL - 2024-07-16 00:00:00 - Bear Close: 224.0
AKPL,2024-07-16,AKPL - 2024-07-16 00:00:00 - Bear Close: 202.5
PMHPL,2024-07-16,PMHPL - 2024-07-16 00:00:00 - Bear Close: 257.5
CHCL,2024-07-16,CHCL - 2024-07-16 00:00:00 - Bear Close: 498.0
RIDI,2024-07-16,RIDI - 2024-07-16 00:00:00 - Bear Close: 209.5
CHL,2024-07-16,CHL - 2024-07-16 00:00:00 - Bear Close: 337.5
MEL,2024-07-16,MEL - 2024-07-16 00:00:00 - Bear Close: 251.0
SJCL,2024-07-16,SJCL - 2024-07-16 00:00:00 - Bear Close: 299.3
SHPC,2024-07-16,SHPC - 2024-07-16 00:00:00 - Bear Close: 354.0
GUFL,2024-07-16,GUFL - 2024-07-16 00:00:00 - Bear Close: 742.9
SONA,2024-07-16,SONA - 2024-07-16 00:00:00 - Bear Close: 484.8
GCIL,2024-07-16,GCIL - 2024-07-16 00:00:00 - Bear Close: 522.0
MBJC,2024-07-16,MBJC - 2024-07-16 00:00:00 - Bear Close: 325.0
PPCL,2024-07-15,PPCL - 2024-07-15 00:00:00 - Bear Close: 253.9
SHL,2024-07-15,SHL - 2024-07-15 00:00:00 - Bear Close: 442.0
NLIC,2024-07-15,NLIC - 2024-07-15 00:00:00 - Bear Close: 619.0
NHPC,2024-07-15,NHPC - 2024-07-15 00:00:00 - Bear Close: 162.9
RHPL,2024-07-15,RHPL - 2024-07-15 00:00:00 - Bear Close: 295.0
HDHPC,2024-07-15,HDHPC - 2024-07-15 00:00:00 - Bear Close: 149.0
BPCL,2024-07-15,BPCL - 2024-07-15 00:00:00 - Bear Close: 310.0
LEC,2024-07-14,LEC - 2024-07-14 00:00:00 - Bear Close: 196.0
UMHL,2024-07-14,UMHL - 2024-07-14 00:00:00 - Bear Close: 258.0
API,2024-07-14,API - 2024-07-14 00:00:00 - Bear Close: 188.0
SKBBL,2024-07-14,SKBBL - 2024-07-14 00:00:00 - Bear Close: 856.0
GBIME,2024-07-14,GBIME - 2024-07-14 00:00:00 - Bear Close: 200.0
GLH,2024-07-14,GLH - 2024-07-14 00:00:00 - Bear Close: 221.0
GHL,2024-07-11,GHL - 2024-07-11 00:00:00 - Bear Close: 158.8
HIDCL,2024-07-11,HIDCL - 2024-07-11 00:00:00 - Bear Close: 172.0
MHNL,2024-07-11,MHNL - 2024-07-11 00:00:00 - Bear Close: 249.0
NLICL,2024-07-11,NLICL - 2024-07-11 00:00:00 - Bear Close: 581.0
NIMB,2024-07-11,NIMB - 2024-07-11 00:00:00 - Bear Close: 171.5
IGI,2024-07-11,IGI - 2024-07-11 00:00:00 - Bear Close: 556.9
HBL,2024-07-11,HBL - 2024-07-11 00:00:00 - Bear Close: 201.6
KKHC,2024-07-11,KKHC - 2024-07-11 00:00:00 - Bear Close: 236.0
SICL,2024-07-11,SICL - 2024-07-11 00:00:00 - Bear Close: 719.9
LIFEINSU,2024-07-10,LIFEINSU - 2024-07-10 00:00:00 - Bear Close: 10409.03
LSL,2024-07-10,LSL - 2024-07-10 00:00:00 - Bear Close: 165.0
NIFRA,2024-07-10,NIFRA - 2024-07-10 00:00:00 - Bear Close: 208.6
SRLI,2024-07-10,SRLI - 2024-07-10 00:00:00 - Bear Close: 455.0
SPDL,2024-07-10,SPDL - 2024-07-10 00:00:00 - Bear Close: 241.0
RNLI,2024-07-10,RNLI - 2024-07-10 00:00:00 - Bear Close: 455.3
GBBL,2024-07-09,GBBL - 2024-07-09 00:00:00 - Bear Close: 384.0
CBBL,2024-07-09,CBBL - 2024-07-09 00:00:00 - Bear Close: 870.0
MHNL,2024-07-09,MHNL - 2024-07-09 00:00:00 - Bull Close: 235.6
MNBBL,2024-07-09,MNBBL - 2024-07-09 00:00:00 - Bear Close: 358.4
ALICL,2024-07-09,ALICL - 2024-07-09 00:00:00 - Bear Close: 590.0
SPDL,2024-07-09,SPDL - 2024-07-09 00:00:00 - Bull Close: 240.0
KBL,2024-07-09,KBL - 2024-07-09 00:00:00 - Bear Close: 143.5
PMLI,2024-07-09,PMLI - 2024-07-09 00:00:00 - Bear Close: 538.0
JALPA,2024-07-09,JALPA - 2024-07-09 00:00:00 - Bear Close: 1440.0
JBLB,2024-07-08,JBLB - 2024-07-08 00:00:00 - Bear Close: 1434.0
MBL,2024-07-08,MBL - 2024-07-08 00:00:00 - Bear Close: 183.0
GUFL,2024-07-08,GUFL - 2024-07-08 00:00:00 - Bull Close: 697.0
NBL,2024-07-08,NBL - 2024-07-08 00:00:00 - Bear Close: 219.0
JBBL,2024-07-07,JBBL - 2024-07-07 00:00:00 - Bear Close: 314.0
JALPA,2024-07-07,JALPA - 2024-07-07 00:00:00 - Bull Close: 1304.0
PRIN,2024-07-04,PRIN - 2024-07-04 00:00:00 - Bear Close: 815.0
SHINE,2024-07-04,SHINE - 2024-07-04 00:00:00 - Bear Close: 404.0
CHL,2024-07-04,CHL - 2024-07-04 00:00:00 - Bull Close: 307.0
NONLIFEINSU,2024-07-04,NONLIFEINSU - 2024-07-04 00:00:00 - Bear Close: 10734.66
PRVU,2024-07-04,PRVU - 2024-07-04 00:00:00 - Bear Close: 147.0
LBBL,2024-07-04,LBBL - 2024-07-04 00:00:00 - Bear Close: 403.0
AKJCL,2024-07-04,AKJCL - 2024-07-04 00:00:00 - Bear Close: 227.7
MLBL,2024-07-04,MLBL - 2024-07-04 00:00:00 - Bear Close: 350.0
STC,2024-07-03,STC - 2024-07-03 00:00:00 - Bear Close: 4997.0
HURJA,2024-07-03,HURJA - 2024-07-03 00:00:00 - Bull Close: 269.0
USLB,2024-07-03,USLB - 2024-07-03 00:00:00 - Bull Close: 1768.0
HEI,2024-07-03,HEI - 2024-07-03 00:00:00 - Bear Close: 616.0
SGIC,2024-07-02,SGIC - 2024-07-02 00:00:00 - Bear Close: 554.0
NICA,2024-07-02,NICA - 2024-07-02 00:00:00 - Bear Close: 418.0
PCBL,2024-07-02,PCBL - 2024-07-02 00:00:00 - Bear Close: 202.0
TVCL,2024-07-01,TVCL - 2024-07-01 00:00:00 - Bear Close: 491.0
PCBL,2024-07-01,PCBL - 2024-07-01 00:00:00 - Bull Close: 195.8
OHL,2024-07-01,OHL - 2024-07-01 00:00:00 - Bear Close: 763.0
DOLTI,2024-07-01,DOLTI - 2024-07-01 00:00:00 - Bear Close: 427.9
DOLTI,2024-06-30,DOLTI - 2024-06-30 00:00:00 - Bull Close: 406.7
GLH,2024-06-30,GLH - 2024-06-30 00:00:00 - Bull Close: 205.8
NICA,2024-06-30,NICA - 2024-06-30 00:00:00 - Bull Close: 394.1
STC,2024-06-30,STC - 2024-06-30 00:00:00 - Bull Close: 4525.0
OHL,2024-06-30,OHL - 2024-06-30 00:00:00 - Bull Close: 747.3
HEI,2024-06-27,HEI - 2024-06-27 00:00:00 - Bull Close: 573.2
NONLIFEINSU,2024-06-27,NONLIFEINSU - 2024-06-27 00:00:00 - Bull Close: 10421.29
SHINE,2024-06-27,SHINE - 2024-06-27 00:00:00 - Bull Close: 376.0
SGIC,2024-06-27,SGIC - 2024-06-27 00:00:00 - Bull Close: 521.0
JBLB,2024-06-26,JBLB - 2024-06-26 00:00:00 - Bull Close: 1324.0
CBBL,2024-06-26,CBBL - 2024-06-26 00:00:00 - Bull Close: 830.0
SAHAS,2024-06-26,SAHAS - 2024-06-26 00:00:00 - Bull Close: 506.0
LBBL,2024-06-26,LBBL - 2024-06-26 00:00:00 - Bull Close: 378.0
NLIC,2024-06-25,NLIC - 2024-06-25 00:00:00 - Bull Close: 585.2
PRVU,2024-06-24,PRVU - 2024-06-24 00:00:00 - Bull Close: 141.0
GUFL,2024-06-23,GUFL - 2024-06-23 00:00:00 - Bear Close: 781.0
HPPL,2024-06-23,HPPL - 2024-06-23 00:00:00 - Bear Close: 277.0
PMHPL,2024-06-23,PMHPL - 2024-06-23 00:00:00 - Bull Close: 229.8
SICL,2024-06-23,SICL - 2024-06-23 00:00:00 - Bull Close: 690.0
MEL,2024-06-20,MEL - 2024-06-20 00:00:00 - Bull Close: 224.0
KBL,2024-06-20,KBL - 2024-06-20 00:00:00 - Bull Close: 137.8
HURJA,2024-06-20,HURJA - 2024-06-20 00:00:00 - Bear Close: 296.0
LSL,2024-06-20,LSL - 2024-06-20 00:00:00 - Bull Close: 154.8
GLH,2024-06-19,GLH - 2024-06-19 00:00:00 - Bear Close: 219.3
PMHPL,2024-06-19,PMHPL - 2024-06-19 00:00:00 - Bear Close: 241.0
MFIL,2024-06-19,MFIL - 2024-06-19 00:00:00 - Bear Close: 520.0
DHPL,2024-06-18,DHPL - 2024-06-18 00:00:00 - Bear Close: 220.2
TRH,2024-06-16,TRH - 2024-06-16 00:00:00 - Bear Close: 768.0
PRIN,2024-06-16,PRIN - 2024-06-16 00:00:00 - Bull Close: 771.8
UNHPL,2024-06-16,UNHPL - 2024-06-16 00:00:00 - Bear Close: 243.9
SSHL,2024-06-16,SSHL - 2024-06-16 00:00:00 - Bear Close: 182.8
RADHI,2024-06-13,RADHI - 2024-06-13 00:00:00 - Bear Close: 265.0
PHCL,2024-06-13,PHCL - 2024-06-13 00:00:00 - Bear Close: 331.0
PRIN,2024-06-13,PRIN - 2024-06-13 00:00:00 - Bear Close: 783.1
HBL,2024-06-13,HBL - 2024-06-13 00:00:00 - Bull Close: 184.0
NGPL,2024-06-12,NGPL - 2024-06-12 00:00:00 - Bear Close: 313.5
SPDL,2024-06-12,SPDL - 2024-06-12 00:00:00 - Bear Close: 249.9
SICL,2024-06-11,SICL - 2024-06-11 00:00:00 - Bear Close: 710.0
STC,2024-06-11,STC - 2024-06-11 00:00:00 - Bear Close: 4810.0
BARUN,2024-06-11,BARUN - 2024-06-11 00:00:00 - Bear Close: 273.9
MHNL,2024-06-11,MHNL - 2024-06-11 00:00:00 - Bear Close: 257.0
RURU,2024-06-11,RURU - 2024-06-11 00:00:00 - Bear Close: 679.9
TSHL,2024-06-10,TSHL - 2024-06-10 00:00:00 - Bear Close: 535.0
TPC,2024-06-10,TPC - 2024-06-10 00:00:00 - Bear Close: 547.0
SICL,2024-06-10,SICL - 2024-06-10 00:00:00 - Bull Close: 693.0
NIMB,2024-06-10,NIMB - 2024-06-10 00:00:00 - Bull Close: 156.5
SPC,2024-06-10,SPC - 2024-06-10 00:00:00 - Bear Close: 637.0
DORDI,2024-06-09,DORDI - 2024-06-09 00:00:00 - Bear Close: 426.9
CBBL,2024-06-09,CBBL - 2024-06-09 00:00:00 - Bear Close: 850.0
CHDC,2024-06-06,CHDC - 2024-06-06 00:00:00 - Bear Close: 980.0
MLBL,2024-06-06,MLBL - 2024-06-06 00:00:00 - Bull Close: 322.2
NGPL,2024-06-06,NGPL - 2024-06-06 00:00:00 - Bull Close: 300.1
GBIME,2024-06-06,GBIME - 2024-06-06 00:00:00 - Bull Close: 180.5
DDBL,2024-06-05,DDBL - 2024-06-05 00:00:00 - Bear Close: 739.2
PRIN,2024-06-05,PRIN - 2024-06-05 00:00:00 - Bull Close: 770.5
TSHL,2024-06-05,TSHL - 2024-06-05 00:00:00 - Bull Close: 500.0
NICA,2024-06-04,NICA - 2024-06-04 00:00:00 - Bear Close: 415.5
CBBL,2024-06-04,CBBL - 2024-06-04 00:00:00 - Bull Close: 833.1
IGI,2024-06-04,IGI - 2024-06-04 00:00:00 - Bull Close: 530.0
MAKAR,2024-06-03,MAKAR - 2024-06-03 00:00:00 - Bear Close: 405.0
GBIME,2024-06-03,GBIME - 2024-06-03 00:00:00 - Bear Close: 183.6
HYDROPOWER,2024-06-03,HYDROPOWER - 2024-06-03 00:00:00 - Bear Close: 2513.94
PPL,2024-06-03,PPL - 2024-06-03 00:00:00 - Bull Close: 453.0
BBC,2024-06-03,BBC - 2024-06-03 00:00:00 - Bear Close: 3870.0
TRADING,2024-06-03,TRADING - 2024-06-03 00:00:00 - Bear Close: 2928.54
NLIC,2024-06-03,NLIC - 2024-06-03 00:00:00 - Bear Close: 615.1
JBBL,2024-06-03,JBBL - 2024-06-03 00:00:00 - Bull Close: 288.1
SHL,2024-06-03,SHL - 2024-06-03 00:00:00 - Bull Close: 436.0
BHL,2024-06-03,BHL - 2024-06-03 00:00:00 - Bear Close: 344.7
MBL,2024-06-02,MBL - 2024-06-02 00:00:00 - Bull Close: 173.9
TAMOR,2024-06-02,TAMOR - 2024-06-02 00:00:00 - Bear Close: 385.0
CKHL,2024-06-02,CKHL - 2024-06-02 00:00:00 - Bear Close: 563.0
MKJC,2024-06-02,MKJC - 2024-06-02 00:00:00 - Bear Close: 496.0
CGH,2024-06-02,CGH - 2024-06-02 00:00:00 - Bear Close: 845.0
DDBL,2024-05-30,DDBL - 2024-05-30 00:00:00 - Bull Close: 717.0
SMJC,2024-05-30,SMJC - 2024-05-30 00:00:00 - Bear Close: 382.0
SRLI,2024-05-30,SRLI - 2024-05-30 00:00:00 - Bull Close: 437.0
HLI,2024-05-30,HLI - 2024-05-30 00:00:00 - Bull Close: 390.0
MBL,2024-05-29,MBL - 2024-05-29 00:00:00 - Bear Close: 180.0
MKCL,2024-05-29,MKCL - 2024-05-29 00:00:00 - Bear Close: 1011.0
USHL,2024-05-29,USHL - 2024-05-29 00:00:00 - Bear Close: 486.0
NRM,2024-05-29,NRM - 2024-05-29 00:00:00 - Bear Close: 378.0
LICN,2024-05-29,LICN - 2024-05-29 00:00:00 - Bear Close: 1384.9
HBL,2024-05-29,HBL - 2024-05-29 00:00:00 - Bear Close: 194.7
UMRH,2024-05-29,UMRH - 2024-05-29 00:00:00 - Bear Close: 360.0
UNL,2024-05-29,UNL - 2024-05-29 00:00:00 - Bear Close: 43286.1
DHPL,2024-05-27,DHPL - 2024-05-27 00:00:00 - Bull Close: 195.0
SRLI,2024-05-27,SRLI - 2024-05-27 00:00:00 - Bear Close: 455.0
LBBL,2024-05-27,LBBL - 2024-05-27 00:00:00 - Bear Close: 387.9
NRN,2024-05-27,NRN - 2024-05-27 00:00:00 - Bear Close: 572.8
NIMB,2024-05-27,NIMB - 2024-05-27 00:00:00 - Bear Close: 169.9
SICL,2024-05-27,SICL - 2024-05-27 00:00:00 - Bear Close: 718.0
CBBL,2024-05-27,CBBL - 2024-05-27 00:00:00 - Bear Close: 858.4
HATHY,2024-05-27,HATHY - 2024-05-27 00:00:00 - Bear Close: 908.0
MEN,2024-05-27,MEN - 2024-05-27 00:00:00 - Bear Close: 586.0
DDBL,2024-05-27,DDBL - 2024-05-27 00:00:00 - Bear Close: 743.0
HOTELS,2024-05-27,HOTELS - 2024-05-27 00:00:00 - Bear Close: 5418.67
SAHAS,2024-05-26,SAHAS - 2024-05-26 00:00:00 - Bear Close: 535.0
LSL,2024-05-26,LSL - 2024-05-26 00:00:00 - Bear Close: 170.0
NABIL,2024-05-26,NABIL - 2024-05-26 00:00:00 - Bear Close: 517.0
PRVU,2024-05-26,PRVU - 2024-05-26 00:00:00 - Bear Close: 153.9
KBL,2024-05-26,KBL - 2024-05-26 00:00:00 - Bear Close: 150.2
CITY,2024-05-26,CITY - 2024-05-26 00:00:00 - Bear Close: 670.0
OHL,2024-05-26,OHL - 2024-05-26 00:00:00 - Bear Close: 782.0
SHL,2024-05-26,SHL - 2024-05-26 00:00:00 - Bear Close: 456.1
HLI,2024-05-26,HLI - 2024-05-26 00:00:00 - Bear Close: 400.7
NMB,2024-05-26,NMB - 2024-05-26 00:00:00 - Bear Close: 211.0
BANKING,2024-05-22,BANKING - 2024-05-22 00:00:00 - Bear Close: 1192.73
CZBIL,2024-05-22,CZBIL - 2024-05-22 00:00:00 - Bear Close: 179.0
SPL,2024-05-22,SPL - 2024-05-22 00:00:00 - Bear Close: 698.0
SENSITIVE,2024-05-22,SENSITIVE - 2024-05-22 00:00:00 - Bear Close: 382.67
SBI,2024-05-22,SBI - 2024-05-22 00:00:00 - Bear Close: 309.5
KPCL,2024-05-21,KPCL - 2024-05-21 00:00:00 - Bear Close: 447.0
NEPSE,2024-05-21,NEPSE - 2024-05-21 00:00:00 - Bear Close: 2115.94
MHL,2024-05-21,MHL - 2024-05-21 00:00:00 - Bear Close: 453.0
SPHL,2024-05-21,SPHL - 2024-05-21 00:00:00 - Bear Close: 502.8
FLOAT,2024-05-21,FLOAT - 2024-05-21 00:00:00 - Bear Close: 144.03
SMHL,2024-05-21,SMHL - 2024-05-21 00:00:00 - Bear Close: 515.0
JBBL,2024-05-21,JBBL - 2024-05-21 00:00:00 - Bear Close: 297.2
TSHL,2024-05-21,TSHL - 2024-05-21 00:00:00 - Bear Close: 535.0
SBL,2024-05-20,SBL - 2024-05-20 00:00:00 - Bear Close: 240.5
SANIMA,2024-05-20,SANIMA - 2024-05-20 00:00:00 - Bear Close: 256.5
PCBL,2024-05-20,PCBL - 2024-05-20 00:00:00 - Bear Close: 205.9
EBL,2024-05-20,EBL - 2024-05-20 00:00:00 - Bear Close: 532.0
IGI,2024-05-20,IGI - 2024-05-20 00:00:00 - Bear Close: 553.5
RFPL,2024-05-19,RFPL - 2024-05-19 00:00:00 - Bear Close: 392.0
TSHL,2024-05-19,TSHL - 2024-05-19 00:00:00 - Bull Close: 509.0
SALICO,2024-05-19,SALICO - 2024-05-19 00:00:00 - Bear Close: 712.0
PRIN,2024-05-19,PRIN - 2024-05-19 00:00:00 - Bear Close: 800.0
KDL,2024-05-19,KDL - 2024-05-19 00:00:00 - Bear Close: 823.0
GUFL,2024-05-19,GUFL - 2024-05-19 00:00:00 - Bull Close: 683.0
NONLIFEINSU,2024-05-19,NONLIFEINSU - 2024-05-19 00:00:00 - Bear Close: 11023.08
PRIN,2024-05-16,PRIN - 2024-05-16 00:00:00 - Bull Close: 767.2
NWCL,2024-05-16,NWCL - 2024-05-16 00:00:00 - Bear Close: 735.4
BNHC,2024-05-15,BNHC - 2024-05-15 00:00:00 - Bear Close: 520.0
JBLB,2024-05-15,JBLB - 2024-05-15 00:00:00 - Bear Close: 1380.0
JOSHI,2024-05-15,JOSHI - 2024-05-15 00:00:00 - Bull Close: 310.1
PRIN,2024-05-15,PRIN - 2024-05-15 00:00:00 - Bear Close: 785.0
UAIL,2024-05-15,UAIL - 2024-05-15 00:00:00 - Bear Close: 580.0
SMH,2024-05-15,SMH - 2024-05-15 00:00:00 - Bear Close: 685.9
NWCL,2024-05-15,NWCL - 2024-05-15 00:00:00 - Bull Close: 720.1
SCB,2024-05-14,SCB - 2024-05-14 00:00:00 - Bear Close: 544.0
CLI,2024-05-14,CLI - 2024-05-14 00:00:00 - Bear Close: 462.4
ENL,2024-05-14,ENL - 2024-05-14 00:00:00 - Bear Close: 800.1
NHDL,2024-05-14,NHDL - 2024-05-14 00:00:00 - Bear Close: 447.0
GVL,2024-05-14,GVL - 2024-05-14 00:00:00 - Bear Close: 452.0
NWCL,2024-05-13,NWCL - 2024-05-13 00:00:00 - Bear Close: 740.0
SGIC,2024-05-13,SGIC - 2024-05-13 00:00:00 - Bear Close: 534.5
MLBL,2024-05-13,MLBL - 2024-05-13 00:00:00 - Bear Close: 333.0
HEI,2024-05-13,HEI - 2024-05-13 00:00:00 - Bear Close: 595.9
RFPL,2024-05-13,RFPL - 2024-05-13 00:00:00 - Bull Close: 329.4
SMH,2024-05-12,SMH - 2024-05-12 00:00:00 - Bull Close: 653.8
ADBL,2024-05-09,ADBL - 2024-05-09 00:00:00 - Bear Close: 239.0
SNLI,2024-05-09,SNLI - 2024-05-09 00:00:00 - Bull Close: 455.0
ENL,2024-05-08,ENL - 2024-05-08 00:00:00 - Bull Close: 781.0
ENL,2024-05-07,ENL - 2024-05-07 00:00:00 - Bear Close: 795.1
BNHC,2024-05-07,BNHC - 2024-05-07 00:00:00 - Bull Close: 434.8
NWCL,2024-05-07,NWCL - 2024-05-07 00:00:00 - Bull Close: 705.0
BHL,2024-05-06,BHL - 2024-05-06 00:00:00 - Bull Close: 320.0
SHINE,2024-05-06,SHINE - 2024-05-06 00:00:00 - Bear Close: 385.9
MHL,2024-05-06,MHL - 2024-05-06 00:00:00 - Bull Close: 400.0
UNL,2024-05-06,UNL - 2024-05-06 00:00:00 - Bull Close: 38710.0
ENL,2024-05-06,ENL - 2024-05-06 00:00:00 - Bull Close: 785.9
USHL,2024-05-05,USHL - 2024-05-05 00:00:00 - Bull Close: 457.0
FMDBL,2024-05-05,FMDBL - 2024-05-05 00:00:00 - Bear Close: 638.0
SWBBL,2024-05-05,SWBBL - 2024-05-05 00:00:00 - Bear Close: 764.0
SMJC,2024-05-05,SMJC - 2024-05-05 00:00:00 - Bull Close: 349.2
NUBL,2024-05-05,NUBL - 2024-05-05 00:00:00 - Bear Close: 668.0
MFIL,2024-05-05,MFIL - 2024-05-05 00:00:00 - Bull Close: 509.3
MKCL,2024-05-05,MKCL - 2024-05-05 00:00:00 - Bull Close: 840.0
MAKAR,2024-05-05,MAKAR - 2024-05-05 00:00:00 - Bull Close: 364.9
MFIL,2024-05-02,MFIL - 2024-05-02 00:00:00 - Bear Close: 524.0
SADBL,2024-05-02,SADBL - 2024-05-02 00:00:00 - Bear Close: 315.0
DEVBANK,2024-05-02,DEVBANK - 2024-05-02 00:00:00 - Bear Close: 4110.51
ENL,2024-04-30,ENL - 2024-04-30 00:00:00 - Bear Close: 805.0
DORDI,2024-04-30,DORDI - 2024-04-30 00:00:00 - Bull Close: 406.1
TAMOR,2024-04-29,TAMOR - 2024-04-29 00:00:00 - Bull Close: 369.0
SONA,2024-04-29,SONA - 2024-04-29 00:00:00 - Bull Close: 445.1
HATHY,2024-04-29,HATHY - 2024-04-29 00:00:00 - Bull Close: 825.0
SWBBL,2024-04-25,SWBBL - 2024-04-25 00:00:00 - Bull Close: 725.0
SPHL,2024-04-24,SPHL - 2024-04-24 00:00:00 - Bull Close: 460.0
HURJA,2024-04-24,HURJA - 2024-04-24 00:00:00 - Bull Close: 285.0
NUBL,2024-04-24,NUBL - 2024-04-24 00:00:00 - Bull Close: 620.0
KKHC,2024-04-22,KKHC - 2024-04-22 00:00:00 - Bull Close: 231.0
NRM,2024-04-22,NRM - 2024-04-22 00:00:00 - Bull Close: 354.0
FMDBL,2024-04-22,FMDBL - 2024-04-22 00:00:00 - Bull Close: 604.5
SHIVM,2024-04-22,SHIVM - 2024-04-22 00:00:00 - Bull Close: 507.0
KPCL,2024-04-22,KPCL - 2024-04-22 00:00:00 - Bull Close: 392.1
CKHL,2024-04-21,CKHL - 2024-04-21 00:00:00 - Bull Close: 534.0
SGIC,2024-04-18,SGIC - 2024-04-18 00:00:00 - Bull Close: 514.0
NHDL,2024-04-18,NHDL - 2024-04-18 00:00:00 - Bull Close: 411.5
HPPL,2024-04-18,HPPL - 2024-04-18 00:00:00 - Bull Close: 257.1
JBLB,2024-04-18,JBLB - 2024-04-18 00:00:00 - Bull Close: 1290.1
DHPL,2024-04-16,DHPL - 2024-04-16 00:00:00 - Bear Close: 206.0
MKJC,2024-04-16,MKJC - 2024-04-16 00:00:00 - Bull Close: 450.0
UNHPL,2024-04-16,UNHPL - 2024-04-16 00:00:00 - Bull Close: 229.0
NRIC,2024-04-16,NRIC - 2024-04-16 00:00:00 - Bull Close: 718.0
BBC,2024-04-16,BBC - 2024-04-16 00:00:00 - Bull Close: 3700.0
AKJCL,2024-04-16,AKJCL - 2024-04-16 00:00:00 - Bull Close: 210.0
TPC,2024-04-15,TPC - 2024-04-15 00:00:00 - Bull Close: 511.0
GCIL,2024-04-15,GCIL - 2024-04-15 00:00:00 - Bull Close: 484.1
TVCL,2024-04-15,TVCL - 2024-04-15 00:00:00 - Bull Close: 485.0
PHCL,2024-04-14,PHCL - 2024-04-14 00:00:00 - Bull Close: 313.0
CLI,2024-04-14,CLI - 2024-04-14 00:00:00 - Bull Close: 448.0
TRH,2024-04-14,TRH - 2024-04-14 00:00:00 - Bull Close: 730.1
NRIC,2024-04-14,NRIC - 2024-04-14 00:00:00 - Bear Close: 760.0
BNT,2024-04-10,BNT - 2024-04-10 00:00:00 - Bull Close: 12702.0
MLBSL,2024-04-09,MLBSL - 2024-04-09 00:00:00 - Bear Close: 1750.0
CLI,2024-04-09,CLI - 2024-04-09 00:00:00 - Bear Close: 462.5
FOWAD,2024-04-07,FOWAD - 2024-04-07 00:00:00 - Bear Close: 1140.0
PROFL,2024-04-07,PROFL - 2024-04-07 00:00:00 - Bear Close: 326.0
FMDBL,2024-04-07,FMDBL - 2024-04-07 00:00:00 - Bear Close: 640.9
SPC,2024-04-07,SPC - 2024-04-07 00:00:00 - Bull Close: 540.0
MBJC,2024-04-07,MBJC - 2024-04-07 00:00:00 - Bull Close: 312.0
SMHL,2024-04-04,SMHL - 2024-04-04 00:00:00 - Bull Close: 433.1
DHPL,2024-04-04,DHPL - 2024-04-04 00:00:00 - Bull Close: 193.0
PMHPL,2024-04-04,PMHPL - 2024-04-04 00:00:00 - Bull Close: 234.9
JBLB,2024-04-03,JBLB - 2024-04-03 00:00:00 - Bear Close: 1337.0
PPCL,2024-04-03,PPCL - 2024-04-03 00:00:00 - Bull Close: 247.0
NRN,2024-04-03,NRN - 2024-04-03 00:00:00 - Bull Close: 524.0
NRIC,2024-04-03,NRIC - 2024-04-03 00:00:00 - Bull Close: 703.9
PROFL,2024-04-03,PROFL - 2024-04-03 00:00:00 - Bull Close: 310.2
HYDROPOWER,2024-04-02,HYDROPOWER - 2024-04-02 00:00:00 - Bull Close: 2459.57
DEVBANK,2024-04-02,DEVBANK - 2024-04-02 00:00:00 - Bull Close: 3907.79
JBLB,2024-04-02,JBLB - 2024-04-02 00:00:00 - Bull Close: 1315.0
SPDL,2024-04-02,SPDL - 2024-04-02 00:00:00 - Bull Close: 238.6
TRH,2024-04-01,TRH - 2024-04-01 00:00:00 - Bear Close: 851.0
CLI,2024-04-01,CLI - 2024-04-01 00:00:00 - Bull Close: 449.5
NEPSE,2024-04-01,NEPSE - 2024-04-01 00:00:00 - Bull Close: 2012.07
UMHL,2024-04-01,UMHL - 2024-04-01 00:00:00 - Bull Close: 239.2
MHL,2024-04-01,MHL - 2024-04-01 00:00:00 - Bear Close: 436.0
TRADING,2024-03-31,TRADING - 2024-03-31 00:00:00 - Bull Close: 2744.2
MLBL,2024-03-31,MLBL - 2024-03-31 00:00:00 - Bull Close: 319.0
DDBL,2024-03-31,DDBL - 2024-03-31 00:00:00 - Bull Close: 687.0
MFIL,2024-03-28,MFIL - 2024-03-28 00:00:00 - Bull Close: 507.5
SADBL,2024-03-28,SADBL - 2024-03-28 00:00:00 - Bull Close: 298.9
GVL,2024-03-28,GVL - 2024-03-28 00:00:00 - Bull Close: 423.9
UNL,2024-03-28,UNL - 2024-03-28 00:00:00 - Bear Close: 39800.1
SAHAS,2024-03-27,SAHAS - 2024-03-27 00:00:00 - Bull Close: 520.0
JBBL,2024-03-27,JBBL - 2024-03-27 00:00:00 - Bull Close: 292.9
TSHL,2024-03-27,TSHL - 2024-03-27 00:00:00 - Bear Close: 538.0
NICLBSL,2024-03-27,NICLBSL - 2024-03-27 00:00:00 - Bear Close: 601.0
IGI,2024-03-27,IGI - 2024-03-27 00:00:00 - Bull Close: 536.8
MHNL,2024-03-26,MHNL - 2024-03-26 00:00:00 - Bull Close: 242.0
NONLIFEINSU,2024-03-25,NONLIFEINSU - 2024-03-25 00:00:00 - Bull Close: 10581.91
FLOAT,2024-03-25,FLOAT - 2024-03-25 00:00:00 - Bull Close: 137.72
NCCD86,2024-03-25,NCCD86 - 2024-03-25 00:00:00 - Bear Close: 960.9
HRL,2024-03-25,HRL - 2024-03-25 00:00:00 - Bull Close: 608.9
UNL,2024-03-21,UNL - 2024-03-21 00:00:00 - Bull Close: 39000.0
SSHL,2024-03-21,SSHL - 2024-03-21 00:00:00 - Bull Close: 164.5
MFIL,2024-03-20,MFIL - 2024-03-20 00:00:00 - Bear Close: 524.0
BARUN,2024-03-20,BARUN - 2024-03-20 00:00:00 - Bull Close: 245.0
JBLB,2024-03-20,JBLB - 2024-03-20 00:00:00 - Bear Close: 1400.0
SWBBL,2024-03-20,SWBBL - 2024-03-20 00:00:00 - Bear Close: 789.0
BPCL,2024-03-20,BPCL - 2024-03-20 00:00:00 - Bull Close: 306.1
ALBSL,2024-03-20,ALBSL - 2024-03-20 00:00:00 - Bear Close: 747.0
NONLIFEINSU,2024-03-19,NONLIFEINSU - 2024-03-19 00:00:00 - Bear Close: 10754.67
NHPC,2024-03-19,NHPC - 2024-03-19 00:00:00 - Bull Close: 156.1
GILB,2024-03-19,GILB - 2024-03-19 00:00:00 - Bear Close: 936.0
HDHPC,2024-03-19,HDHPC - 2024-03-19 00:00:00 - Bull Close: 140.5
UPCL,2024-03-19,UPCL - 2024-03-19 00:00:00 - Bull Close: 215.0
LEC,2024-03-19,LEC - 2024-03-19 00:00:00 - Bull Close: 187.0
MDB,2024-03-18,MDB - 2024-03-18 00:00:00 - Bear Close: 435.0
TRADING,2024-03-18,TRADING - 2024-03-18 00:00:00 - Bear Close: 2854.87
RADHI,2024-03-18,RADHI - 2024-03-18 00:00:00 - Bull Close: 247.2
CLI,2024-03-18,CLI - 2024-03-18 00:00:00 - Bear Close: 469.0
FLOAT,2024-03-18,FLOAT - 2024-03-18 00:00:00 - Bear Close: 140.99
SADBL,2024-03-18,SADBL - 2024-03-18 00:00:00 - Bear Close: 313.4
JBBL,2024-03-18,JBBL - 2024-03-18 00:00:00 - Bear Close: 306.0
NUBL,2024-03-18,NUBL - 2024-03-18 00:00:00 - Bear Close: 660.0
VLBS,2024-03-17,VLBS - 2024-03-17 00:00:00 - Bear Close: 649.0
HLBSL,2024-03-17,HLBSL - 2024-03-17 00:00:00 - Bear Close: 632.0
NMBMF,2024-03-17,NMBMF - 2024-03-17 00:00:00 - Bear Close: 553.0
MLBL,2024-03-17,MLBL - 2024-03-17 00:00:00 - Bear Close: 333.0
SGIC,2024-03-17,SGIC - 2024-03-17 00:00:00 - Bear Close: 545.0
SMATA,2024-03-14,SMATA - 2024-03-14 00:00:00 - Bear Close: 670.0
SLBBL,2024-03-14,SLBBL - 2024-03-14 00:00:00 - Bear Close: 665.1
GMFIL,2024-03-14,GMFIL - 2024-03-14 00:00:00 - Bear Close: 370.9
DDBL,2024-03-14,DDBL - 2024-03-14 00:00:00 - Bear Close: 780.0
TSHL,2024-03-14,TSHL - 2024-03-14 00:00:00 - Bull Close: 488.1
SABSL,2024-03-14,SABSL - 2024-03-14 00:00:00 - Bear Close: 685.0
JALPA,2024-03-14,JALPA - 2024-03-14 00:00:00 - Bear Close: 1250.0
RSDC,2024-03-13,RSDC - 2024-03-13 00:00:00 - Bear Close: 582.0
NEPSE,2024-03-13,NEPSE - 2024-03-13 00:00:00 - Bear Close: 2108.72
NESDO,2024-03-13,NESDO - 2024-03-13 00:00:00 - Bear Close: 1818.0
SDLBSL,2024-03-13,SDLBSL - 2024-03-13 00:00:00 - Bear Close: 660.0
DEVBANK,2024-03-13,DEVBANK - 2024-03-13 00:00:00 - Bear Close: 4076.23
MERO,2024-03-13,MERO - 2024-03-13 00:00:00 - Bear Close: 590.0
AVYAN,2024-03-13,AVYAN - 2024-03-13 00:00:00 - Bear Close: 649.0
PROFL,2024-03-13,PROFL - 2024-03-13 00:00:00 - Bear Close: 329.6
SHIVM,2024-03-13,SHIVM - 2024-03-13 00:00:00 - Bear Close: 548.1
HDHPC,2024-03-13,HDHPC - 2024-03-13 00:00:00 - Bear Close: 145.8
CFCL,2024-03-13,CFCL - 2024-03-13 00:00:00 - Bear Close: 356.0
NICAD8283,2024-03-12,NICAD8283 - 2024-03-12 00:00:00 - Bear Close: 1060.0
IGI,2024-03-12,IGI - 2024-03-12 00:00:00 - Bear Close: 569.0
RLFL,2024-03-12,RLFL - 2024-03-12 00:00:00 - Bear Close: 371.0
MLBS,2024-03-12,MLBS - 2024-03-12 00:00:00 - Bear Close: 785.0
NMFBS,2024-03-12,NMFBS - 2024-03-12 00:00:00 - Bear Close: 1220.0
BPCL,2024-03-12,BPCL - 2024-03-12 00:00:00 - Bear Close: 316.0
NADEP,2024-03-12,NADEP - 2024-03-12 00:00:00 - Bear Close: 610.6
JSLBB,2024-03-12,JSLBB - 2024-03-12 00:00:00 - Bear Close: 995.5
NHPC,2024-03-12,NHPC - 2024-03-12 00:00:00 - Bear Close: 165.0
SMFBS,2024-03-12,SMFBS - 2024-03-12 00:00:00 - Bear Close: 1017.5
SMB,2024-03-10,SMB - 2024-03-10 00:00:00 - Bear Close: 1050.0
WNLB,2024-03-10,WNLB - 2024-03-10 00:00:00 - Bear Close: 869.0
ULBSL,2024-03-10,ULBSL - 2024-03-10 00:00:00 - Bear Close: 1169.5
MSLB,2024-03-10,MSLB - 2024-03-10 00:00:00 - Bear Close: 938.0
WNLB,2024-03-06,WNLB - 2024-03-06 00:00:00 - Bull Close: 773.0
MSLB,2024-03-06,MSLB - 2024-03-06 00:00:00 - Bull Close: 829.8
GCIL,2024-03-06,GCIL - 2024-03-06 00:00:00 - Bear Close: 544.9
MHL,2024-03-04,MHL - 2024-03-04 00:00:00 - Bull Close: 387.2
RLFL,2024-03-03,RLFL - 2024-03-03 00:00:00 - Bull Close: 340.0
BBC,2024-03-03,BBC - 2024-03-03 00:00:00 - Bear Close: 4000.0
PROFL,2024-03-03,PROFL - 2024-03-03 00:00:00 - Bull Close: 301.0
IGI,2024-03-03,IGI - 2024-03-03 00:00:00 - Bull Close: 518.7
RHPL,2024-03-03,RHPL - 2024-03-03 00:00:00 - Bull Close: 269.0
DEVBANK,2024-03-03,DEVBANK - 2024-03-03 00:00:00 - Bull Close: 3801.69
HDHPC,2024-02-29,HDHPC - 2024-02-29 00:00:00 - Bull Close: 135.1
SJCL,2024-02-29,SJCL - 2024-02-29 00:00:00 - Bull Close: 271.8
MLBL,2024-02-29,MLBL - 2024-02-29 00:00:00 - Bull Close: 315.2
NCCD86,2024-02-29,NCCD86 - 2024-02-29 00:00:00 - Bull Close: 907.0
SHPC,2024-02-29,SHPC - 2024-02-29 00:00:00 - Bull Close: 337.0
SDLBSL,2024-02-29,SDLBSL - 2024-02-29 00:00:00 - Bull Close: 583.0
UMRH,2024-02-29,UMRH - 2024-02-29 00:00:00 - Bull Close: 347.1
NHPC,2024-02-29,NHPC - 2024-02-29 00:00:00 - Bull Close: 150.0
PRIN,2024-02-29,PRIN - 2024-02-29 00:00:00 - Bull Close: 761.0
NEPSE,2024-02-28,NEPSE - 2024-02-28 00:00:00 - Bull Close: 2000.77
GHL,2024-02-28,GHL - 2024-02-28 00:00:00 - Bull Close: 149.0
NIFRA,2024-02-28,NIFRA - 2024-02-28 00:00:00 - Bull Close: 206.7
CFCL,2024-02-28,CFCL - 2024-02-28 00:00:00 - Bull Close: 335.0
API,2024-02-28,API - 2024-02-28 00:00:00 - Bull Close: 179.1
GMFIL,2024-02-28,GMFIL - 2024-02-28 00:00:00 - Bull Close: 352.0
JBBL,2024-02-27,JBBL - 2024-02-27 00:00:00 - Bull Close: 293.0
DDBL,2024-02-27,DDBL - 2024-02-27 00:00:00 - Bull Close: 743.0
PCBL,2024-02-27,PCBL - 2024-02-27 00:00:00 - Bull Close: 192.6
FLOAT,2024-02-26,FLOAT - 2024-02-26 00:00:00 - Bull Close: 135.57
SLBBL,2024-02-26,SLBBL - 2024-02-26 00:00:00 - Bull Close: 570.5
SABSL,2024-02-26,SABSL - 2024-02-26 00:00:00 - Bull Close: 590.1
EBL,2024-02-26,EBL - 2024-02-26 00:00:00 - Bull Close: 502.0
HIDCL,2024-02-26,HIDCL - 2024-02-26 00:00:00 - Bull Close: 171.5
SMB,2024-02-26,SMB - 2024-02-26 00:00:00 - Bull Close: 946.9
NMFBS,2024-02-26,NMFBS - 2024-02-26 00:00:00 - Bull Close: 1081.2
NUBL,2024-02-26,NUBL - 2024-02-26 00:00:00 - Bull Close: 605.0
BPW,2024-02-26,BPW - 2024-02-26 00:00:00 - Bull Close: 1049.0
BPCL,2024-02-25,BPCL - 2024-02-25 00:00:00 - Bull Close: 300.5
AKPL,2024-02-25,AKPL - 2024-02-25 00:00:00 - Bull Close: 175.0
SADBL,2024-02-25,SADBL - 2024-02-25 00:00:00 - Bull Close: 292.2
NADEP,2024-02-25,NADEP - 2024-02-25 00:00:00 - Bull Close: 508.0
MDB,2024-02-25,MDB - 2024-02-25 00:00:00 - Bull Close: 392.5
GLH,2024-02-25,GLH - 2024-02-25 00:00:00 - Bull Close: 212.0
SHL,2024-02-25,SHL - 2024-02-25 00:00:00 - Bull Close: 433.0
RSDC,2024-02-22,RSDC - 2024-02-22 00:00:00 - Bull Close: 525.0
SCB,2024-02-22,SCB - 2024-02-22 00:00:00 - Bull Close: 513.1
LBBL,2024-02-22,LBBL - 2024-02-22 00:00:00 - Bull Close: 387.0
NONLIFEINSU,2024-02-22,NONLIFEINSU - 2024-02-22 00:00:00 - Bull Close: 10356.04
ALBSL,2024-02-22,ALBSL - 2024-02-22 00:00:00 - Bull Close: 662.0
VLBS,2024-02-22,VLBS - 2024-02-22 00:00:00 - Bull Close: 604.8
BNT,2024-02-22,BNT - 2024-02-22 00:00:00 - Bear Close: 13950.0
MERO,2024-02-22,MERO - 2024-02-22 00:00:00 - Bull Close: 538.0
NMBMF,2024-02-21,NMBMF - 2024-02-21 00:00:00 - Bull Close: 510.0
MLBS,2024-02-21,MLBS - 2024-02-21 00:00:00 - Bull Close: 666.0
SGIC,2024-02-21,SGIC - 2024-02-21 00:00:00 - Bull Close: 512.0
JALPA,2024-02-21,JALPA - 2024-02-21 00:00:00 - Bull Close: 1089.9
SHINE,2024-02-21,SHINE - 2024-02-21 00:00:00 - Bull Close: 380.0
OHL,2024-02-21,OHL - 2024-02-21 00:00:00 - Bull Close: 770.0
ALICL,2024-02-21,ALICL - 2024-02-21 00:00:00 - Bull Close: 604.7
CITY,2024-02-21,CITY - 2024-02-21 00:00:00 - Bull Close: 603.0
GCIL,2024-02-21,GCIL - 2024-02-21 00:00:00 - Bull Close: 473.8
RIDI,2024-02-20,RIDI - 2024-02-20 00:00:00 - Bull Close: 201.9
HEI,2024-02-20,HEI - 2024-02-20 00:00:00 - Bull Close: 570.5
HLBSL,2024-02-18,HLBSL - 2024-02-18 00:00:00 - Bull Close: 584.1
CLI,2024-02-18,CLI - 2024-02-18 00:00:00 - Bull Close: 441.0
HOTELS,2024-02-18,HOTELS - 2024-02-18 00:00:00 - Bull Close: 5263.52
NLBBL,2024-02-15,NLBBL - 2024-02-15 00:00:00 - Bull Close: 560.0
SHEL,2024-02-15,SHEL - 2024-02-15 00:00:00 - Bull Close: 240.0
ULBSL,2024-02-14,ULBSL - 2024-02-14 00:00:00 - Bull Close: 1100.0
SENSITIVE,2024-02-14,SENSITIVE - 2024-02-14 00:00:00 - Bull Close: 372.27
TRADING,2024-02-14,TRADING - 2024-02-14 00:00:00 - Bull Close: 2798.61
TRH,2024-02-14,TRH - 2024-02-14 00:00:00 - Bull Close: 793.9
NESDO,2024-02-14,NESDO - 2024-02-14 00:00:00 - Bull Close: 1606.0
SWBBL,2024-02-14,SWBBL - 2024-02-14 00:00:00 - Bull Close: 750.0
STC,2024-02-14,STC - 2024-02-14 00:00:00 - Bull Close: 5185.0
GILB,2024-02-13,GILB - 2024-02-13 00:00:00 - Bull Close: 830.0
UAIL,2024-02-13,UAIL - 2024-02-13 00:00:00 - Bull Close: 558.0
CHDC,2024-02-12,CHDC - 2024-02-12 00:00:00 - Bull Close: 988.9
MMFDB,2024-02-12,MMFDB - 2024-02-12 00:00:00 - Bull Close: 567.0
RBCL,2024-02-11,RBCL - 2024-02-11 00:00:00 - Bull Close: 13900.0
AHPC,2024-02-07,AHPC - 2024-02-07 00:00:00 - Bull Close: 207.6
SMATA,2024-02-07,SMATA - 2024-02-07 00:00:00 - Bull Close: 616.0
KDL,2024-02-06,KDL - 2024-02-06 00:00:00 - Bull Close: 820.0
BBC,2024-02-06,BBC - 2024-02-06 00:00:00 - Bull Close: 3686.1
RNLI,2024-02-06,RNLI - 2024-02-06 00:00:00 - Bull Close: 451.0
LIFEINSU,2024-02-05,LIFEINSU - 2024-02-05 00:00:00 - Bull Close: 10466.27
MLBSL,2024-02-05,MLBSL - 2024-02-05 00:00:00 - Bull Close: 1698.0
NLICL,2024-02-05,NLICL - 2024-02-05 00:00:00 - Bull Close: 571.3
JSLBB,2024-02-05,JSLBB - 2024-02-05 00:00:00 - Bull Close: 869.9
FMDBL,2024-02-05,FMDBL - 2024-02-05 00:00:00 - Bull Close: 618.0
SALICO,2024-02-04,SALICO - 2024-02-04 00:00:00 - Bull Close: 678.0
AVYAN,2024-02-04,AVYAN - 2024-02-04 00:00:00 - Bull Close: 597.5
GBBL,2024-02-01,GBBL - 2024-02-01 00:00:00 - Bull Close: 371.5
HBL,2024-02-01,HBL - 2024-02-01 00:00:00 - Bull Close: 200.0
CHCL,2024-02-01,CHCL - 2024-02-01 00:00:00 - Bull Close: 491.0
NICLBSL,2024-02-01,NICLBSL - 2024-02-01 00:00:00 - Bull Close: 590.0
MFIL,2024-02-01,MFIL - 2024-02-01 00:00:00 - Bull Close: 513.0
SHEL,2024-01-30,SHEL - 2024-01-30 00:00:00 - Bear Close: 263.0
BBC,2024-01-30,BBC - 2024-01-30 00:00:00 - Bear Close: 3959.0
CZBIL,2024-01-30,CZBIL - 2024-01-30 00:00:00 - Bull Close: 170.0
RURU,2024-01-29,RURU - 2024-01-29 00:00:00 - Bull Close: 721.0
SJLIC,2024-01-29,SJLIC - 2024-01-29 00:00:00 - Bull Close: 520.0
LICN,2024-01-29,LICN - 2024-01-29 00:00:00 - Bull Close: 1409.0
SHEL,2024-01-28,SHEL - 2024-01-28 00:00:00 - Bull Close: 246.0
KBL,2024-01-28,KBL - 2024-01-28 00:00:00 - Bull Close: 153.0
PRVU,2024-01-28,PRVU - 2024-01-28 00:00:00 - Bull Close: 156.7
BBC,2024-01-28,BBC - 2024-01-28 00:00:00 - Bull Close: 3674.0
SBIBD86,2024-01-25,SBIBD86 - 2024-01-25 00:00:00 - Bear Close: 979.0
SHIVM,2024-01-25,SHIVM - 2024-01-25 00:00:00 - Bull Close: 502.0
JBLB,2024-01-25,JBLB - 2024-01-25 00:00:00 - Bull Close: 1350.0
SBL,2024-01-24,SBL - 2024-01-24 00:00:00 - Bull Close: 238.8
ENL,2024-01-24,ENL - 2024-01-24 00:00:00 - Bull Close: 825.0
SANIMA,2024-01-24,SANIMA - 2024-01-24 00:00:00 - Bull Close: 249.0
NIMB,2024-01-23,NIMB - 2024-01-23 00:00:00 - Bull Close: 174.0
GBIME,2024-01-23,GBIME - 2024-01-23 00:00:00 - Bull Close: 198.0
SICL,2024-01-23,SICL - 2024-01-23 00:00:00 - Bull Close: 730.0
ANLB,2024-01-23,ANLB - 2024-01-23 00:00:00 - Bear Close: 1825.2
NICAD8283,2024-01-22,NICAD8283 - 2024-01-22 00:00:00 - Bull Close: 1015.0
SRLI,2024-01-22,SRLI - 2024-01-22 00:00:00 - Bull Close: 460.0
HLI,2024-01-22,HLI - 2024-01-22 00:00:00 - Bull Close: 412.8
MNBBL,2024-01-21,MNBBL - 2024-01-21 00:00:00 - Bull Close: 379.6
SCB,2024-01-21,SCB - 2024-01-21 00:00:00 - Bear Close: 535.0
RURU,2024-01-18,RURU - 2024-01-18 00:00:00 - Bear Close: 744.9
ULBSL,2024-01-18,ULBSL - 2024-01-18 00:00:00 - Bear Close: 1193.0
AVYAN,2024-01-17,AVYAN - 2024-01-17 00:00:00 - Bear Close: 644.0
SWBBL,2024-01-17,SWBBL - 2024-01-17 00:00:00 - Bear Close: 796.0
CYCL,2024-01-17,CYCL - 2024-01-17 00:00:00 - Bear Close: 1198.0
HLBSL,2024-01-17,HLBSL - 2024-01-17 00:00:00 - Bear Close: 654.0
GBIME,2024-01-17,GBIME - 2024-01-17 00:00:00 - Bear Close: 208.5
NIMB,2024-01-17,NIMB - 2024-01-17 00:00:00 - Bear Close: 184.5
SMATA,2024-01-16,SMATA - 2024-01-16 00:00:00 - Bear Close: 671.4
SANIMA,2024-01-16,SANIMA - 2024-01-16 00:00:00 - Bear Close: 265.5
BPCL,2024-01-16,BPCL - 2024-01-16 00:00:00 - Bear Close: 341.0
MMFDB,2024-01-14,MMFDB - 2024-01-14 00:00:00 - Bear Close: 624.0
MDB,2024-01-14,MDB - 2024-01-14 00:00:00 - Bear Close: 415.0
GILB,2024-01-14,GILB - 2024-01-14 00:00:00 - Bear Close: 900.0
RSDC,2024-01-11,RSDC - 2024-01-11 00:00:00 - Bear Close: 561.0
SLBBL,2024-01-11,SLBBL - 2024-01-11 00:00:00 - Bear Close: 640.0
JSLBB,2024-01-10,JSLBB - 2024-01-10 00:00:00 - Bear Close: 917.0
AKPL,2024-01-10,AKPL - 2024-01-10 00:00:00 - Bear Close: 182.4
SKBBL,2024-01-10,SKBBL - 2024-01-10 00:00:00 - Bull Close: 880.0
JALPA,2024-01-10,JALPA - 2024-01-10 00:00:00 - Bear Close: 1160.0
NESDO,2024-01-10,NESDO - 2024-01-10 00:00:00 - Bear Close: 1745.0
GHL,2024-01-10,GHL - 2024-01-10 00:00:00 - Bear Close: 160.0
FMDBL,2024-01-10,FMDBL - 2024-01-10 00:00:00 - Bear Close: 640.0
LSL,2024-01-09,LSL - 2024-01-09 00:00:00 - Bull Close: 173.6
JSLBB,2024-01-08,JSLBB - 2024-01-08 00:00:00 - Bull Close: 859.0
BPCL,2024-01-07,BPCL - 2024-01-07 00:00:00 - Bull Close: 299.5
NIMB,2024-01-07,NIMB - 2024-01-07 00:00:00 - Bull Close: 172.4
NLIC,2024-01-07,NLIC - 2024-01-07 00:00:00 - Bull Close: 635.0
FMDBL,2024-01-07,FMDBL - 2024-01-07 00:00:00 - Bull Close: 605.0
UMRH,2024-01-04,UMRH - 2024-01-04 00:00:00 - Bear Close: 402.5
PPCL,2024-01-04,PPCL - 2024-01-04 00:00:00 - Bear Close: 231.0
SLBBL,2024-01-04,SLBBL - 2024-01-04 00:00:00 - Bull Close: 610.0
JSLBB,2024-01-04,JSLBB - 2024-01-04 00:00:00 - Bear Close: 886.4
ADBL,2024-01-03,ADBL - 2024-01-03 00:00:00 - Bull Close: 246.9
NRN,2024-01-02,NRN - 2024-01-02 00:00:00 - Bear Close: 470.0
PPCL,2024-01-02,PPCL - 2024-01-02 00:00:00 - Bull Close: 217.0
SLBSL,2024-01-01,SLBSL - 2024-01-01 00:00:00 - Bear Close: 779.0
MDB,2024-01-01,MDB - 2024-01-01 00:00:00 - Bull Close: 381.8
ALBSL,2023-12-28,ALBSL - 2023-12-28 00:00:00 - Bear Close: 697.8
ULHC,2023-12-28,ULHC - 2023-12-28 00:00:00 - Bear Close: 296.5
SPL,2023-12-28,SPL - 2023-12-28 00:00:00 - Bull Close: 693.0
MKLB,2023-12-27,MKLB - 2023-12-27 00:00:00 - Bear Close: 630.0
SPHL,2023-12-27,SPHL - 2023-12-27 00:00:00 - Bear Close: 489.0
SMATA,2023-12-24,SMATA - 2023-12-24 00:00:00 - Bull Close: 615.5
CHDC,2023-12-24,CHDC - 2023-12-24 00:00:00 - Bear Close: 978.0
NMFBS,2023-12-24,NMFBS - 2023-12-24 00:00:00 - Bear Close: 1143.0
UNLB,2023-12-24,UNLB - 2023-12-24 00:00:00 - Bear Close: 1116.6
SLBBL,2023-12-24,SLBBL - 2023-12-24 00:00:00 - Bear Close: 675.0
USLB,2023-12-21,USLB - 2023-12-21 00:00:00 - Bear Close: 792.0
ADBL,2023-12-21,ADBL - 2023-12-21 00:00:00 - Bear Close: 256.0
SDLBSL,2023-12-21,SDLBSL - 2023-12-21 00:00:00 - Bear Close: 627.1
MLBSL,2023-12-21,MLBSL - 2023-12-21 00:00:00 - Bear Close: 1900.0
EBL,2023-12-21,EBL - 2023-12-21 00:00:00 - Bear Close: 530.1
LEC,2023-12-21,LEC - 2023-12-21 00:00:00 - Bear Close: 189.0
PPCL,2023-12-21,PPCL - 2023-12-21 00:00:00 - Bear Close: 234.8
SMH,2023-12-21,SMH - 2023-12-21 00:00:00 - Bear Close: 603.0
API,2023-12-20,API - 2023-12-20 00:00:00 - Bear Close: 192.3
CZBIL,2023-12-20,CZBIL - 2023-12-20 00:00:00 - Bear Close: 188.0
SABSL,2023-12-20,SABSL - 2023-12-20 00:00:00 - Bear Close: 668.0
ILBS,2023-12-20,ILBS - 2023-12-20 00:00:00 - Bear Close: 680.0
JBLB,2023-12-20,JBLB - 2023-12-20 00:00:00 - Bear Close: 1560.0
MLBBL,2023-12-20,MLBBL - 2023-12-20 00:00:00 - Bear Close: 865.0
MERO,2023-12-20,MERO - 2023-12-20 00:00:00 - Bear Close: 630.0
NLBBL,2023-12-20,NLBBL - 2023-12-20 00:00:00 - Bear Close: 660.0
SMATA,2023-12-20,SMATA - 2023-12-20 00:00:00 - Bear Close: 666.0
SMB,2023-12-20,SMB - 2023-12-20 00:00:00 - Bear Close: 1074.0
SBL,2023-12-20,SBL - 2023-12-20 00:00:00 - Bear Close: 268.0
NICLBSL,2023-12-20,NICLBSL - 2023-12-20 00:00:00 - Bear Close: 664.0
GLBSL,2023-12-20,GLBSL - 2023-12-20 00:00:00 - Bear Close: 741.0
SWMF,2023-12-19,SWMF - 2023-12-19 00:00:00 - Bear Close: 681.0
WNLB,2023-12-19,WNLB - 2023-12-19 00:00:00 - Bear Close: 815.0
FMDBL,2023-12-19,FMDBL - 2023-12-19 00:00:00 - Bear Close: 700.0
HPPL,2023-12-19,HPPL - 2023-12-19 00:00:00 - Bear Close: 243.0
LLBS,2023-12-19,LLBS - 2023-12-19 00:00:00 - Bear Close: 737.0
NLIC,2023-12-19,NLIC - 2023-12-19 00:00:00 - Bear Close: 689.0
NUBL,2023-12-19,NUBL - 2023-12-19 00:00:00 - Bear Close: 660.0
RIDI,2023-12-19,RIDI - 2023-12-19 00:00:00 - Bear Close: 231.0
NADEP,2023-12-19,NADEP - 2023-12-19 00:00:00 - Bear Close: 551.0
PROFL,2023-12-19,PROFL - 2023-12-19 00:00:00 - Bear Close: 334.8
ACLBSL,2023-12-19,ACLBSL - 2023-12-19 00:00:00 - Bear Close: 616.0
KBL,2023-12-19,KBL - 2023-12-19 00:00:00 - Bear Close: 168.0
GCIL,2023-12-19,GCIL - 2023-12-19 00:00:00 - Bear Close: 550.0
SHIVM,2023-12-19,SHIVM - 2023-12-19 00:00:00 - Bear Close: 594.0
PFL,2023-12-18,PFL - 2023-12-18 00:00:00 - Bear Close: 370.9
SENSITIVE,2023-12-18,SENSITIVE - 2023-12-18 00:00:00 - Bear Close: 390.63
NRIC,2023-12-18,NRIC - 2023-12-18 00:00:00 - Bear Close: 703.0
SGIC,2023-12-18,SGIC - 2023-12-18 00:00:00 - Bear Close: 544.0
PHCL,2023-12-18,PHCL - 2023-12-18 00:00:00 - Bear Close: 297.0
SSHL,2023-12-18,SSHL - 2023-12-18 00:00:00 - Bear Close: 172.0
KBSH,2023-12-18,KBSH - 2023-12-18 00:00:00 - Bear Close: 823.0
NABBC,2023-12-18,NABBC - 2023-12-18 00:00:00 - Bear Close: 406.7
JBBL,2023-12-18,JBBL - 2023-12-18 00:00:00 - Bear Close: 321.9
NEPSE,2023-12-18,NEPSE - 2023-12-18 00:00:00 - Bear Close: 2060.49
JFL,2023-12-18,JFL - 2023-12-18 00:00:00 - Bear Close: 385.0
RHPL,2023-12-18,RHPL - 2023-12-18 00:00:00 - Bear Close: 287.7
SJLIC,2023-12-18,SJLIC - 2023-12-18 00:00:00 - Bear Close: 579.7
RBCL,2023-12-18,RBCL - 2023-12-18 00:00:00 - Bear Close: 14388.0
KMCDB,2023-12-18,KMCDB - 2023-12-18 00:00:00 - Bear Close: 658.0
FLOAT,2023-12-18,FLOAT - 2023-12-18 00:00:00 - Bear Close: 141.86
SADBL,2023-12-18,SADBL - 2023-12-18 00:00:00 - Bear Close: 330.0
DDBL,2023-12-18,DDBL - 2023-12-18 00:00:00 - Bear Close: 822.0
KLBSL,2023-12-18,KLBSL - 2023-12-18 00:00:00 - Bear Close: 845.0
BHPL,2023-12-18,BHPL - 2023-12-18 00:00:00 - Bear Close: 451.0
RHGCL,2023-12-17,RHGCL - 2023-12-17 00:00:00 - Bear Close: 250.3
NGPL,2023-12-17,NGPL - 2023-12-17 00:00:00 - Bear Close: 228.0
HBL,2023-12-17,HBL - 2023-12-17 00:00:00 - Bear Close: 206.0
AHPC,2023-12-17,AHPC - 2023-12-17 00:00:00 - Bear Close: 237.0
MSLB,2023-12-17,MSLB - 2023-12-17 00:00:00 - Bear Close: 840.0
HIDCL,2023-12-17,HIDCL - 2023-12-17 00:00:00 - Bear Close: 182.1
MPFL,2023-12-17,MPFL - 2023-12-17 00:00:00 - Bear Close: 322.0
MNBBL,2023-12-17,MNBBL - 2023-12-17 00:00:00 - Bear Close: 401.0
GLH,2023-12-17,GLH - 2023-12-17 00:00:00 - Bear Close: 249.2
PPL,2023-12-17,PPL - 2023-12-17 00:00:00 - Bear Close: 272.5
BARUN,2023-12-17,BARUN - 2023-12-17 00:00:00 - Bear Close: 242.0
HDHPC,2023-12-17,HDHPC - 2023-12-17 00:00:00 - Bear Close: 146.0
NHPC,2023-12-17,NHPC - 2023-12-17 00:00:00 - Bear Close: 169.0
TRADING,2023-12-17,TRADING - 2023-12-17 00:00:00 - Bear Close: 2833.13
NIFRA,2023-12-17,NIFRA - 2023-12-17 00:00:00 - Bear Close: 211.0
UHEWA,2023-12-17,UHEWA - 2023-12-17 00:00:00 - Bear Close: 343.3
CITY,2023-12-17,CITY - 2023-12-17 00:00:00 - Bear Close: 627.9
ALICL,2023-12-17,ALICL - 2023-12-17 00:00:00 - Bear Close: 680.9
SPC,2023-12-17,SPC - 2023-12-17 00:00:00 - Bear Close: 411.0
BHL,2023-12-17,BHL - 2023-12-17 00:00:00 - Bear Close: 260.7
MHNL,2023-12-17,MHNL - 2023-12-17 00:00:00 - Bear Close: 225.5
KPCL,2023-12-17,KPCL - 2023-12-17 00:00:00 - Bear Close: 348.0
MLBS,2023-12-17,MLBS - 2023-12-17 00:00:00 - Bear Close: 706.1
SHINE,2023-12-17,SHINE - 2023-12-17 00:00:00 - Bear Close: 420.0
SHPC,2023-12-17,SHPC - 2023-12-17 00:00:00 - Bear Close: 356.0
ICFC,2023-12-17,ICFC - 2023-12-17 00:00:00 - Bear Close: 487.9
LSL,2023-12-17,LSL - 2023-12-17 00:00:00 - Bear Close: 191.8
JOSHI,2023-12-17,JOSHI - 2023-12-17 00:00:00 - Bear Close: 238.9
SJCL,2023-12-17,SJCL - 2023-12-17 00:00:00 - Bear Close: 282.5
DHPL,2023-12-17,DHPL - 2023-12-17 00:00:00 - Bear Close: 182.0
STC,2023-12-17,STC - 2023-12-17 00:00:00 - Bear Close: 5250.0
RADHI,2023-12-17,RADHI - 2023-12-17 00:00:00 - Bear Close: 238.9
BPW,2023-12-17,BPW - 2023-12-17 00:00:00 - Bear Close: 1046.0
NMBMF,2023-12-17,NMBMF - 2023-12-17 00:00:00 - Bear Close: 565.0
AKJCL,2023-12-14,AKJCL - 2023-12-14 00:00:00 - Bear Close: 189.0
MLBL,2023-12-14,MLBL - 2023-12-14 00:00:00 - Bear Close: 327.0
MEL,2023-12-14,MEL - 2023-12-14 00:00:00 - Bear Close: 197.9
HURJA,2023-12-14,HURJA - 2023-12-14 00:00:00 - Bear Close: 270.0
SPDL,2023-12-14,SPDL - 2023-12-14 00:00:00 - Bear Close: 198.4
EDBL,2023-12-14,EDBL - 2023-12-14 00:00:00 - Bear Close: 355.1
FINANCE,2023-12-14,FINANCE - 2023-12-14 00:00:00 - Bear Close: 1779.46
MKJC,2023-12-14,MKJC - 2023-12-14 00:00:00 - Bear Close: 360.6
KSBBL,2023-12-14,KSBBL - 2023-12-14 00:00:00 - Bear Close: 329.5
HYDROPOWER,2023-12-14,HYDROPOWER - 2023-12-14 00:00:00 - Bear Close: 2220.59
BPCL,2023-12-14,BPCL - 2023-12-14 00:00:00 - Bear Close: 315.0
ENL,2023-12-14,ENL - 2023-12-14 00:00:00 - Bear Close: 877.9
RFPL,2023-12-14,RFPL - 2023-12-14 00:00:00 - Bear Close: 241.0
SPL,2023-12-14,SPL - 2023-12-14 00:00:00 - Bear Close: 765.0
CHL,2023-12-14,CHL - 2023-12-14 00:00:00 - Bear Close: 245.0
UNHPL,2023-12-14,UNHPL - 2023-12-14 00:00:00 - Bear Close: 186.4
SMHL,2023-12-14,SMHL - 2023-12-14 00:00:00 - Bear Close: 388.0
GMFIL,2023-12-14,GMFIL - 2023-12-14 00:00:00 - Bear Close: 378.0
GUFL,2023-12-14,GUFL - 2023-12-14 00:00:00 - Bear Close: 528.9
BFC,2023-12-14,BFC - 2023-12-14 00:00:00 - Bear Close: 325.0
SRLI,2023-12-14,SRLI - 2023-12-14 00:00:00 - Bear Close: 494.0
SALICO,2023-12-13,SALICO - 2023-12-13 00:00:00 - Bear Close: 729.0
BBC,2023-12-13,BBC - 2023-12-13 00:00:00 - Bear Close: 3804.0
MKHC,2023-12-13,MKHC - 2023-12-13 00:00:00 - Bear Close: 239.0
DEVBANK,2023-12-13,DEVBANK - 2023-12-13 00:00:00 - Bear Close: 3889.56
USHEC,2023-12-13,USHEC - 2023-12-13 00:00:00 - Bear Close: 262.0
UPCL,2023-12-13,UPCL - 2023-12-13 00:00:00 - Bear Close: 205.0
KDL,2023-12-13,KDL - 2023-12-13 00:00:00 - Bear Close: 865.0
SGHC,2023-12-13,SGHC - 2023-12-13 00:00:00 - Bear Close: 260.2
NFS,2023-12-13,NFS - 2023-12-13 00:00:00 - Bear Close: 320.0
UMHL,2023-12-13,UMHL - 2023-12-13 00:00:00 - Bear Close: 209.0
CFCL,2023-12-13,CFCL - 2023-12-13 00:00:00 - Bear Close: 343.0
NRM,2023-12-13,NRM - 2023-12-13 00:00:00 - Bear Close: 287.0
HOTELS,2023-12-13,HOTELS - 2023-12-13 00:00:00 - Bear Close: 5417.4
DLBS,2023-12-13,DLBS - 2023-12-13 00:00:00 - Bear Close: 730.0
MBJC,2023-12-13,MBJC - 2023-12-13 00:00:00 - Bear Close: 290.0
IHL,2023-12-13,IHL - 2023-12-13 00:00:00 - Bear Close: 270.0
GRDBL,2023-12-13,GRDBL - 2023-12-13 00:00:00 - Bear Close: 317.5
DORDI,2023-12-13,DORDI - 2023-12-13 00:00:00 - Bear Close: 247.0
HLI,2023-12-13,HLI - 2023-12-13 00:00:00 - Bear Close: 448.0
PRVU,2023-12-13,PRVU - 2023-12-13 00:00:00 - Bear Close: 166.0
NHDL,2023-12-13,NHDL - 2023-12-13 00:00:00 - Bear Close: 348.0
MFIL,2023-12-13,MFIL - 2023-12-13 00:00:00 - Bear Close: 535.0
GBBL,2023-12-12,GBBL - 2023-12-12 00:00:00 - Bear Close: 390.0
NLICL,2023-12-12,NLICL - 2023-12-12 00:00:00 - Bear Close: 621.0
TAMOR,2023-12-12,TAMOR - 2023-12-12 00:00:00 - Bear Close: 271.0
SAPDBL,2023-12-12,SAPDBL - 2023-12-12 00:00:00 - Bear Close: 244.0
SHL,2023-12-12,SHL - 2023-12-12 00:00:00 - Bear Close: 466.0
GVL,2023-12-12,GVL - 2023-12-12 00:00:00 - Bear Close: 371.0
HEI,2023-12-12,HEI - 2023-12-12 00:00:00 - Bear Close: 608.0
SICL,2023-12-12,SICL - 2023-12-12 00:00:00 - Bear Close: 780.0
SIFC,2023-12-12,SIFC - 2023-12-12 00:00:00 - Bear Close: 355.0
MKHL,2023-12-12,MKHL - 2023-12-12 00:00:00 - Bear Close: 269.0
EHPL,2023-12-12,EHPL - 2023-12-12 00:00:00 - Bear Close: 347.0
NONLIFEINSU,2023-12-12,NONLIFEINSU - 2023-12-12 00:00:00 - Bear Close: 11019.28
SFCL,2023-12-12,SFCL - 2023-12-12 00:00:00 - Bear Close: 299.8
GBBD85,2023-12-12,GBBD85 - 2023-12-12 00:00:00 - Bear Close: 853.3
LIFEINSU,2023-12-12,LIFEINSU - 2023-12-12 00:00:00 - Bear Close: 11239.08
SINDU,2023-12-12,SINDU - 2023-12-12 00:00:00 - Bear Close: 267.0
LBBL,2023-12-11,LBBL - 2023-12-11 00:00:00 - Bear Close: 398.0
CHCL,2023-12-11,CHCL - 2023-12-11 00:00:00 - Bear Close: 515.0
DOLTI,2023-12-11,DOLTI - 2023-12-11 00:00:00 - Bear Close: 250.8
SKBBL,2023-12-11,SKBBL - 2023-12-11 00:00:00 - Bear Close: 960.0
VLBS,2023-12-11,VLBS - 2023-12-11 00:00:00 - Bear Close: 650.0
UAIL,2023-12-11,UAIL - 2023-12-11 00:00:00 - Bear Close: 610.0
IGI,2023-12-11,IGI - 2023-12-11 00:00:00 - Bear Close: 548.9
MAKAR,2023-12-10,MAKAR - 2023-12-10 00:00:00 - Bear Close: 259.9
HHL,2023-12-10,HHL - 2023-12-10 00:00:00 - Bear Close: 231.0
RLFL,2023-12-10,RLFL - 2023-12-10 00:00:00 - Bear Close: 352.0
PRIN,2023-12-10,PRIN - 2023-12-10 00:00:00 - Bear Close: 733.0
MDB,2023-12-10,MDB - 2023-12-10 00:00:00 - Bear Close: 425.0
LICN,2023-12-10,LICN - 2023-12-10 00:00:00 - Bear Close: 1480.0
BEDC,2023-12-10,BEDC - 2023-12-10 00:00:00 - Bear Close: 238.0
NIMB,2023-12-10,NIMB - 2023-12-10 00:00:00 - Bear Close: 182.0
BHDC,2023-12-10,BHDC - 2023-12-10 00:00:00 - Bear Close: 348.0
CORBL,2023-12-07,CORBL - 2023-12-07 00:00:00 - Bear Close: 340.0
KKHC,2023-12-07,KKHC - 2023-12-07 00:00:00 - Bear Close: 182.5
TPC,2023-12-07,TPC - 2023-12-07 00:00:00 - Bear Close: 345.0
BHDC,2023-12-06,BHDC - 2023-12-06 00:00:00 - Bull Close: 330.0
NIMB,2023-12-06,NIMB - 2023-12-06 00:00:00 - Bull Close: 174.7
BBC,2023-12-05,BBC - 2023-12-05 00:00:00 - Bull Close: 3410.6
SPHL,2023-12-05,SPHL - 2023-12-05 00:00:00 - Bull Close: 389.9
SHEL,2023-12-05,SHEL - 2023-12-05 00:00:00 - Bear Close: 275.0
GBIME,2023-12-03,GBIME - 2023-12-03 00:00:00 - Bull Close: 196.0
MFIL,2023-12-03,MFIL - 2023-12-03 00:00:00 - Bull Close: 489.0
MCHL,2023-11-30,MCHL - 2023-11-30 00:00:00 - Bear Close: 240.3
BBC,2023-11-30,BBC - 2023-11-30 00:00:00 - Bear Close: 3825.0
OHL,2023-11-30,OHL - 2023-11-30 00:00:00 - Bear Close: 740.0
GBBD85,2023-11-30,GBBD85 - 2023-11-30 00:00:00 - Bull Close: 826.2
BHDC,2023-11-29,BHDC - 2023-11-29 00:00:00 - Bear Close: 348.0
AHL,2023-11-29,AHL - 2023-11-29 00:00:00 - Bear Close: 350.0
SAHAS,2023-11-28,SAHAS - 2023-11-28 00:00:00 - Bear Close: 460.0
TRH,2023-11-28,TRH - 2023-11-28 00:00:00 - Bear Close: 828.0
MFIL,2023-11-28,MFIL - 2023-11-28 00:00:00 - Bear Close: 529.0
MHL,2023-11-28,MHL - 2023-11-28 00:00:00 - Bear Close: 342.0
NIMB,2023-11-28,NIMB - 2023-11-28 00:00:00 - Bear Close: 182.0
SIKLES,2023-11-28,SIKLES - 2023-11-28 00:00:00 - Bear Close: 394.4
USHL,2023-11-27,USHL - 2023-11-27 00:00:00 - Bear Close: 347.6
BNHC,2023-11-27,BNHC - 2023-11-27 00:00:00 - Bear Close: 359.0
RAWA,2023-11-27,RAWA - 2023-11-27 00:00:00 - Bear Close: 399.0
KRBL,2023-11-26,KRBL - 2023-11-26 00:00:00 - Bear Close: 290.0
PMHPL,2023-11-26,PMHPL - 2023-11-26 00:00:00 - Bear Close: 212.0
SMJC,2023-11-26,SMJC - 2023-11-26 00:00:00 - Bear Close: 266.0
ADBLD83,2023-11-23,ADBLD83 - 2023-11-23 00:00:00 - Bear Close: 1030.0
PCBL,2023-11-23,PCBL - 2023-11-23 00:00:00 - Bear Close: 193.4
SBID83,2023-11-23,SBID83 - 2023-11-23 00:00:00 - Bear Close: 991.0
USHL,2023-11-22,USHL - 2023-11-22 00:00:00 - Bull Close: 306.0
MCHL,2023-11-07,MCHL - 2023-11-07 00:00:00 - Bull Close: 222.3
EHPL,2023-11-06,EHPL - 2023-11-06 00:00:00 - Bull Close: 309.9
BHPL,2023-11-05,BHPL - 2023-11-05 00:00:00 - Bull Close: 386.5
NIBD84,2023-11-05,NIBD84 - 2023-11-05 00:00:00 - Bear Close: 846.5
BNHC,2023-11-05,BNHC - 2023-11-05 00:00:00 - Bull Close: 302.0
ADBL,2023-11-02,ADBL - 2023-11-02 00:00:00 - Bull Close: 248.2
USHEC,2023-11-01,USHEC - 2023-11-01 00:00:00 - Bull Close: 233.4
MHL,2023-11-01,MHL - 2023-11-01 00:00:00 - Bull Close: 281.0
EDBL,2023-11-01,EDBL - 2023-11-01 00:00:00 - Bull Close: 310.1
SMATA,2023-10-31,SMATA - 2023-10-31 00:00:00 - Bull Close: 625.0
MDB,2023-10-31,MDB - 2023-10-31 00:00:00 - Bull Close: 397.0
AHL,2023-10-31,AHL - 2023-10-31 00:00:00 - Bull Close: 317.8
EBLD86,2023-10-31,EBLD86 - 2023-10-31 00:00:00 - Bear Close: 826.0
CCBD88,2023-10-31,CCBD88 - 2023-10-31 00:00:00 - Bear Close: 930.0
SPL,2023-10-30,SPL - 2023-10-30 00:00:00 - Bull Close: 701.0
SMJC,2023-10-30,SMJC - 2023-10-30 00:00:00 - Bull Close: 245.3
BHDC,2023-10-30,BHDC - 2023-10-30 00:00:00 - Bull Close: 324.8
SMATA,2023-10-29,SMATA - 2023-10-29 00:00:00 - Bear Close: 652.6
BHDC,2023-10-19,BHDC - 2023-10-19 00:00:00 - Bear Close: 348.0
SMJC,2023-10-19,SMJC - 2023-10-19 00:00:00 - Bear Close: 251.2
CHDC,2023-10-19,CHDC - 2023-10-19 00:00:00 - Bull Close: 961.5
STC,2023-10-19,STC - 2023-10-19 00:00:00 - Bull Close: 5100.0
GRDBL,2023-10-18,GRDBL - 2023-10-18 00:00:00 - Bull Close: 296.5
TRADING,2023-10-18,TRADING - 2023-10-18 00:00:00 - Bull Close: 2753.06
CITY,2023-10-18,CITY - 2023-10-18 00:00:00 - Bull Close: 550.0
NIBD84,2023-10-17,NIBD84 - 2023-10-17 00:00:00 - Bull Close: 810.7
GHL,2023-10-17,GHL - 2023-10-17 00:00:00 - Bull Close: 173.0
CBLD88,2023-10-17,CBLD88 - 2023-10-17 00:00:00 - Bear Close: 915.0
ENL,2023-10-16,ENL - 2023-10-16 00:00:00 - Bull Close: 818.9
BHDC,2023-10-16,BHDC - 2023-10-16 00:00:00 - Bull Close: 331.3
HLBSL,2023-10-16,HLBSL - 2023-10-16 00:00:00 - Bull Close: 601.0
SMATA,2023-10-16,SMATA - 2023-10-16 00:00:00 - Bull Close: 634.9
SMJC,2023-10-16,SMJC - 2023-10-16 00:00:00 - Bull Close: 237.0
SHINE,2023-10-16,SHINE - 2023-10-16 00:00:00 - Bull Close: 358.4
MFIL,2023-10-16,MFIL - 2023-10-16 00:00:00 - Bull Close: 498.0
